{"cameraMode":{"drawMode":0,"name":"Shaded","section":"Shading Mode"},"sceneLighting":true,"audioPlay":false,"sceneViewState":{"m_AlwaysRefresh":false,"showFog":true,"showSkybox":true,"showFlares":true,"showImageEffects":true,"showParticleSystems":true,"showVisualEffectGraphs":true,"m_FxEnabled":true},"in2DMode":false,"pivot":{"x":3.3145179748535158,"y":-16.77289390563965,"z":-3.2038612365722658},"rotation":{"x":0.09160783886909485,"y":0.013409323059022427,"z":-0.0012340391986072064,"w":0.9957097172737122},"size":41.241737365722659,"orthographic":false}