{"cameraMode":{"drawMode":0,"name":"Shaded","section":"Shading Mode"},"sceneLighting":false,"audioPlay":false,"sceneViewState":{"m_AlwaysRefresh":false,"showFog":true,"showSkybox":false,"showFlares":true,"showImageEffects":true,"showParticleSystems":true,"showVisualEffectGraphs":true,"m_FxEnabled":true},"in2DMode":false,"pivot":{"x":-0.48925167322158816,"y":5.6657891273498539,"z":-6.326699256896973},"rotation":{"x":0.06163410842418671,"y":0.04785602539777756,"z":-0.002958337077870965,"w":0.9969475865364075},"size":5.478246688842773,"orthographic":false}